dataset,method,degree,bias,proj,comp,comp_real,craft,full_cov,ahle,tree,kernel_var,kernel_len,test_error,test_mnll,test_error_ref,test_mnll_ref,test_label_var,k_frob_error,k_rel_frob_error,test_kl,test_mean_mse,test_var_mse,D,E,feature_dist,noise_var,feature_time,pred_time,seed
Cod_rna,srf,10,0.5,gaussian,False,False,False,False,False,False,24.044536590576172,1.4142135381698608,0.12529392540454865,0.356829434633255,0.04839998483657837,0,0.25,18095.71875,1.2001011371612549,39491.98046875,8.454504013061523,1.6123114824295044,40,40,None,0.001,0.013417959213256836,0.18806886672973633,0
Cod_rna,srf,10,0.5,gaussian,False,False,False,False,False,False,10.177995681762695,1.4142135381698608,0.24806852638721466,0.536207914352417,0.05540001392364502,0,0.25,7627.53857421875,1.1942254304885864,54283.671875,6.903844356536865,0.4848140478134155,40,40,None,0.01,0.012496232986450195,0.17336130142211914,0
Cod_rna,srf,10,0.5,gaussian,False,False,False,False,False,False,2.4202916622161865,1.4142135381698608,0.19297951459884644,0.4134603440761566,0.05140000581741333,0,0.25,1960.9991455078125,1.2945051193237305,22297.263671875,1.0666524171829224,0.058424536138772964,40,40,None,0.1,0.013045072555541992,0.17644715309143066,0
Cod_rna,srf,10,0.5,gaussian,False,False,False,False,False,False,0.19863425195217133,1.4142135381698608,0.1541820615530014,0.515349268913269,0.05419999361038208,0,0.25,151.72076416015625,1.2207809686660767,6097.31005859375,0.040933758020401,0.0013984446413815022,40,40,None,1.0,0.013276815414428711,0.1743769645690918,0
