dataset,method,degree,bias,proj,comp,comp_real,craft,full_cov,ahle,tree,kernel_var,kernel_len,test_error,test_mnll,test_error_ref,test_mnll_ref,test_label_var,k_frob_error,k_rel_frob_error,test_kl,test_mean_mse,test_var_mse,D,E,feature_dist,noise_var,feature_time,pred_time,seed
Boston,srf,3,0.5,gaussian,False,False,False,False,False,False,0.17456203699111938,1.4142135381698608,0.0,-3.0048396587371826,0.0,0,75.76026916503906,0.8470713496208191,0.31242677569389343,17.116140365600586,0.006791924126446247,2.4084141841740347e-05,80,80,None,0.001,0.0041332244873046875,0.0040171146392822266,0
Boston,srf,3,0.5,gaussian,False,False,False,False,False,False,0.17437730729579926,1.4142135381698608,0.0,-3.0048396587371826,0.0,0,75.76026916503906,0.881851315498352,0.3255992829799652,22.530920028686523,0.012890136800706387,3.058752554352395e-05,80,80,None,0.01,0.00047016143798828125,0.0010290145874023438,0
Boston,srf,3,0.5,gaussian,False,False,False,False,False,False,0.17254941165447235,1.4142135381698608,0.0,-3.0048396587371826,0.0,0,75.76026916503906,0.7997973561286926,0.298431396484375,21.2506103515625,0.010733927600085735,2.8360718715703115e-05,80,80,None,0.1,0.0008170604705810547,0.001007080078125,0
Boston,srf,3,0.5,gaussian,False,False,False,False,False,False,0.15600019693374634,1.4142135381698608,0.0,-3.0048396587371826,0.0,0,75.76026916503906,0.6894437074661255,0.2845454812049866,15.319463729858398,0.005038379225879908,1.6860936739249155e-05,80,80,None,1.0,0.0003120899200439453,0.0010712146759033203,0
