D,E,bias,comp,comp_real,craft,dataset,degree,feature_dist,feature_time,full_cov,hier,k_frob_error,k_rel_frob_error,k_rel_spec_error,k_spec_error,kernel_len,kernel_var,method,noise_var,pred_time,proj,seed,test_error,test_kl,test_label_var,test_mean_mse,test_mnll,test_var_mse
160.0,160.0,0.5,0.0,0.0,0.0,Letter,3.0,None,0.020813941955566406,0.0,0.0,220.04701232910156,0.039020560681819916,0.030818255618214607,173.41697692871094,1.4142135381698608,3.7109174728393555,srf,0.001,0.7118022441864014,gaussian,0.0,0.2105555534362793,4513.3837890625,0.03698224946856499,0.18772919476032257,0.7427600026130676,3.6368059227243066e-05
160.0,160.0,0.5,0.0,0.0,0.0,Letter,3.0,None,0.017941713333129883,0.0,0.0,84.30690002441406,0.03465135022997856,0.027166122570633888,65.9526596069336,1.4142135381698608,1.6010403633117676,srf,0.01,1.060258150100708,gaussian,0.0,0.23055554926395416,2056.935546875,0.03698224946856499,0.05030709505081177,1.0303210020065308,1.3054868759354576e-05
160.0,160.0,0.5,0.0,0.0,0.0,Letter,3.0,None,0.017804622650146484,0.0,0.0,18.112852096557617,0.030015500262379646,0.019939465448260307,12.006494522094727,1.4142135381698608,0.39710062742233276,srf,0.1,0.8065314292907715,gaussian,0.0,0.26277777552604675,661.0977783203125,0.03698224946856499,0.006459287833422422,2.005312442779541,1.720278532957309e-06
160.0,160.0,0.5,0.0,0.0,0.0,Letter,3.0,None,0.01701211929321289,0.0,0.0,1.475104808807373,0.0360756441950798,0.02812083438038826,1.14735746383667,1.4142135381698608,0.02690717950463295,srf,1.0,0.8255674839019775,gaussian,0.0,0.34833332896232605,86.09579467773438,0.03698224946856499,0.00013444607611745596,3.0589439868927,2.9943649337837996e-08
