D,complex_weights,feature_dist,kernel_var,lengthscale,method,noise_var,num_clusters,proj,rmse,seed,test_kl,test_mean_mse,test_mnll,test_var_mse
10.0,0.0,None,1.8629610538482666,1.1052846908569336,rff,0.6065306663513184,1000.0,gaussian,0.5643244385719299,0.0,517.512939453125,0.043580275028944016,0.93168705701828,1.9913295545848086e-05
