dataset,method,degree,bias,proj,comp,comp_real,craft,full_cov,ahle,tree,kernel_var,kernel_len,test_error,test_mnll,test_error_ref,test_mnll_ref,test_label_var,k_frob_error,k_rel_frob_error,test_kl,test_mean_mse,test_var_mse,D,E,feature_dist,noise_var,feature_time,pred_time,seed
EEG,srf,7,0.5,gaussian,False,False,False,False,False,False,24.996837615966797,1.4142135381698608,0.33506301045417786,0.6456145644187927,0.20385468006134033,0,0.25,3844.034912109375,0.5876450538635254,13265.7021484375,5.735407829284668,0.5245700478553772,80,80,None,0.001,0.006665229797363281,0.05502796173095703,0
EEG,srf,7,0.5,gaussian,False,False,False,False,False,False,10.765274047851562,1.4142135381698608,0.31356561183929443,0.6175079941749573,0.23128241300582886,0,0.25,1494.196044921875,0.5303899049758911,7034.5556640625,1.981661081314087,0.164514422416687,80,80,None,0.01,0.00603795051574707,0.05116391181945801,0
EEG,srf,7,0.5,gaussian,False,False,False,False,False,False,2.656865119934082,1.4142135381698608,0.32913267612457275,0.6101743578910828,0.2268347144126892,0,0.25,402.6773986816406,0.57916259765625,3108.734130859375,0.37957125902175903,0.023922322317957878,80,80,None,0.1,0.006189107894897461,0.051177024841308594,0
EEG,srf,7,0.5,gaussian,False,False,False,False,False,False,0.176773801445961,1.4142135381698608,0.3380281627178192,0.6436813473701477,0.24833208322525024,0,0.25,28.277433395385742,0.6112724542617798,765.6982421875,0.014895950444042683,0.0003711782628670335,80,80,None,1.0,0.006064176559448242,0.05249595642089844,0
