D,complex_real,frob_mean,frob_std,full_cov,mae_mean,mae_std,method,metric_time_ms,mse_mean,mse_std,proj
64.0,1.0,0.5968533390760422,0.12059601686990912,1.0,1.064952436685562,0.17258389020762224,rf,31.754201710004963,2.3929224824905395,1.029906913316654,srht
128.0,1.0,0.4187453055381775,0.07891768400490591,1.0,0.7630313295125961,0.14303027306695915,rf,26.359411850000924,1.1775951355695724,0.5646464547562746,srht
256.0,1.0,0.295192341953516,0.04554442561901011,1.0,0.5367583736777306,0.07888000189357468,rf,29.938728180004546,0.5741926088929177,0.2062055100735561,srht
512.0,1.0,0.19988794818520547,0.023134401415319607,1.0,0.3650026857852936,0.03998924351790869,rf,27.56791951000423,0.260989912301302,0.06619135655021535,srht
1024.0,1.0,0.13023214429616928,0.01048269207028141,1.0,0.23855699792504312,0.018429258085226736,rf,32.54514042000892,0.11021351084113121,0.018827040464191067,srht
2048.0,1.0,0.0922915381193161,0.00799734467651623,1.0,0.16901363641023637,0.014934623350979689,rf,34.25650719000032,0.05516294676810503,0.010772055834969783,srht
4096.0,1.0,0.06463510394096375,0.0038219503674389054,1.0,0.11854202538728714,0.007263092580525838,rf,54.843929520000074,0.027031943630427123,0.0034479229992468337,srht
6144.0,1.0,0.053157632276415824,0.004404630900834182,1.0,0.09730541445314884,0.008351868460861129,rf,51.856079360004514,0.018321862202137707,0.003406290109419916,srht
8192.0,1.0,0.04632763873785734,0.003014923056428102,1.0,0.08477875091135502,0.005391905757792432,rf,60.54323599001236,0.013901313338428735,0.0018530353358251206,srht
